ticker,name,date,obv,obv_change_20d,ad_line,ad_change_20d,mfi,vol_ratio_5d_20d,surge_count_5d,surge_count_20d,supply_demand_score,supply_demand_stage
A,A,2026-02-09 05:00:00,100840087,-13.89,43877061.94862332,-13.5,33.5,1.03,0,0,20,Strong Distribution
AAL,AAL,2026-02-09 05:00:00,1666628189,-11.87,-2928455116.927213,-7.68,47.6,0.85,0,0,25,Strong Distribution
AAPL,AAPL,2026-02-09 05:00:00,3520832067,4.26,6613625119.231793,0.31,78.3,1.06,0,0,55,Accumulation
ABBV,ABBV,2026-02-09 05:00:00,613197986,7.68,473211322.69198704,8.7,68.3,1.21,1,1,75,Strong Accumulation
ABNB,ABNB,2026-02-09 05:00:00,62113647,-10.2,223069921.21972802,-3.82,30.8,1.21,0,0,40,Distribution
ABT,ABT,2026-02-09 05:00:00,291185323,-17.12,297051653.2374246,0.72,48.0,0.91,0,4,35,Distribution
ACGL,ACGL,2026-02-09 05:00:00,321960792,2.73,115481175.77978526,8.89,77.8,0.87,0,1,65,Accumulation
ACN,ACN,2026-02-09 05:00:00,50058911,-33.11,112009791.5644042,-4.14,25.0,1.28,0,0,35,Distribution
ADBE,ADBE,2026-02-09 05:00:00,-74681337,-62.16,61091795.29655211,-20.78,43.7,1.18,0,1,20,Strong Distribution
ADI,ADI,2026-02-09 05:00:00,214457184,4.19,201815719.74709904,-0.44,67.8,1.37,0,0,55,Accumulation
ADM,ADM,2026-02-09 05:00:00,156165575,4.61,17442432.725243784,11731.36,62.7,1.06,0,0,65,Accumulation
ADP,ADP,2026-02-09 05:00:00,43061926,-27.14,126833281.01733193,-7.93,22.0,1.28,0,0,25,Strong Distribution
ADSK,ADSK,2026-02-09 05:00:00,49189476,5.98,44271379.0352966,2.48,35.3,1.16,0,1,60,Accumulation
AEE,AEE,2026-02-09 05:00:00,85459715,9.86,78238546.8883185,4.96,57.9,1.28,0,0,65,Accumulation
AEP,AEP,2026-02-09 05:00:00,240732884,7.02,171402551.24826986,2.39,49.5,1.06,0,0,60,Accumulation
AES,AES,2026-02-09 05:00:00,118693091,38.59,-209536872.5679497,10.85,64.8,1.14,1,1,80,Strong Accumulation
AFL,AFL,2026-02-09 05:00:00,306167552,-1.25,113679967.4461768,7.82,64.7,1.08,0,1,60,Accumulation
AIG,AIG,2026-02-09 05:00:00,339185063,6.22,-166586250.15162602,-3.86,52.2,0.78,0,1,60,Accumulation
AIZ,AIZ,2026-02-09 05:00:00,50061229,2.24,8608333.398098035,-5.62,66.7,1.15,0,0,40,Distribution
AJG,AJG,2026-02-09 05:00:00,91342150,-4.98,54106068.67420833,-14.56,40.4,1.03,0,0,35,Distribution
AKAM,AKAM,2026-02-09 05:00:00,85498627,4.82,-27404874.966994375,-16.01,44.8,0.83,0,2,35,Distribution
ALB,ALB,2026-02-09 05:00:00,124860063,2.11,-11919151.776859578,45.2,51.2,0.78,0,0,65,Accumulation
ALGN,ALGN,2026-02-09 05:00:00,-38603853,11.52,11911121.122536583,-3.82,61.3,1.8,2,2,75,Strong Accumulation
ALL,ALL,2026-02-09 05:00:00,64155906,-0.08,13797476.05168365,-23.87,70.3,1.13,0,2,40,Distribution
ALLE,ALLE,2026-02-09 05:00:00,35426643,11.04,16936462.089110497,14.72,65.0,0.95,0,0,80,Strong Accumulation
AMAT,AMAT,2026-02-09 05:00:00,379230748,6.52,323956086.47064734,1.61,46.2,1.18,0,0,60,Accumulation
AMCR,AMCR,2026-02-09 05:00:00,-28953732,67.11,-16242978.019055964,54.52,65.4,1.13,0,3,80,Strong Accumulation
AMD,AMD,2026-02-09 05:00:00,2367879694,11.52,2265209693.170251,-2.47,56.4,1.37,1,2,70,Strong Accumulation
AME,AME,2026-02-09 05:00:00,112827668,9.97,61324042.75168173,12.05,69.5,1.22,1,1,80,Strong Accumulation
AMGN,AMGN,2026-02-09 05:00:00,76948216,56.18,141068751.59775177,12.01,63.8,1.32,0,0,85,Strong Accumulation
AMP,AMP,2026-02-09 05:00:00,43523538,11.21,24569947.03506724,-1.72,63.1,1.08,0,1,65,Accumulation
AMT,AMT,2026-02-09 05:00:00,6870249,891.59,69523662.14103732,9.0,38.7,1.04,0,0,75,Strong Accumulation
AMZN,AMZN,2026-02-09 05:00:00,4019088120,-10.99,2250287324.004992,5.17,37.3,1.76,2,2,55,Accumulation
ANET,ANET,2026-02-09 05:00:00,1122631062,0.38,709889400.22577,-2.06,47.2,1.09,0,1,50,Neutral
AON,AON,2026-02-09 05:00:00,61951240,-7.51,35442269.51745404,-8.16,47.1,1.23,1,1,35,Distribution
AOS,AOS,2026-02-09 05:00:00,-4370927,69.99,-2963113.193112061,59.83,75.3,1.12,1,3,85,Strong Accumulation
APA,APA,2026-02-09 05:00:00,817724962,5.9,-219810550.3167645,5.04,65.7,1.05,0,0,70,Strong Accumulation
APD,APD,2026-02-09 05:00:00,72848270,5.8,72098886.98287278,0.93,64.1,0.88,0,0,60,Accumulation
APH,APH,2026-02-09 05:00:00,719178691,-0.4,541574663.598323,4.62,38.7,1.11,0,2,50,Neutral
APTV,APTV,2026-02-09 05:00:00,-9561567,-48.65,25326593.486365,-28.77,68.9,0.85,0,0,20,Strong Distribution
ARE,ARE,2026-02-09 05:00:00,-57071357,10.05,-44135955.70186269,15.45,54.1,0.74,0,0,80,Strong Accumulation
ATO,ATO,2026-02-09 05:00:00,138492006,8.46,63939736.561881006,5.89,46.6,0.86,0,5,70,Strong Accumulation
AVB,AVB,2026-02-09 05:00:00,-13741286,10.74,35216448.90249081,2.64,45.0,1.08,0,1,65,Accumulation
AVGO,AVGO,2026-02-09 05:00:00,3007190613,0.41,1609426081.970189,-2.31,50.8,1.31,0,0,55,Accumulation
AVY,AVY,2026-02-09 05:00:00,85467,-63.3,18479241.86272017,14.86,72.3,1.65,2,2,65,Accumulation
AWK,AWK,2026-02-09 05:00:00,37912186,-11.68,32038228.325028185,-11.74,22.2,1.21,0,0,20,Strong Distribution
AXON,AXON,2026-02-09 05:00:00,116303435,-7.57,26842959.6532965,-15.7,11.5,1.7,1,3,30,Distribution
AXP,AXP,2026-02-09 05:00:00,79103153,12.48,234191483.51421824,2.63,63.6,0.92,0,1,65,Accumulation
AZO,AZO,2026-02-09 05:00:00,13849675,7.96,10514951.118029173,10.92,70.0,0.86,0,0,80,Strong Accumulation
BA,BA,2026-02-09 05:00:00,43160735,42.63,-938496231.29746,2.14,47.8,0.79,0,1,65,Accumulation
BAC,BAC,2026-02-09 05:00:00,807807230,11.44,765128264.5890973,1.43,72.7,0.98,0,1,70,Strong Accumulation
BALL,BALL,2026-02-09 05:00:00,32992423,221.75,20154493.78058665,5034.53,88.3,1.63,2,2,95,Strong Accumulation
BAX,BAX,2026-02-09 05:00:00,-49401000,29.25,-52711035.511524275,31.7,66.9,1.21,0,0,85,Strong Accumulation
BBWI,BBWI,2026-02-09 05:00:00,-102146576,15.04,30871518.10321647,8.08,69.4,0.96,0,0,75,Strong Accumulation
BBY,BBY,2026-02-09 05:00:00,89111052,-21.82,-42177463.367174864,11.47,37.2,0.9,0,0,50,Neutral
BDX,BDX,2026-02-09 05:00:00,-52934528,-11.11,43388596.746638216,6.38,54.6,1.38,0,1,50,Neutral
BEN,BEN,2026-02-09 05:00:00,-17596965,77.06,-24121071.201527167,49.96,84.9,1.03,0,1,85,Strong Accumulation
BF-B,BF-B,2026-02-09 05:00:00,-85336713,15.63,-113209230.35797703,15.23,64.9,0.94,0,0,80,Strong Accumulation
BG,BG,2026-02-09 05:00:00,113730432,17.87,59878109.315453,27.46,69.4,1.13,0,0,80,Strong Accumulation
BIIB,BIIB,2026-02-09 05:00:00,-43968955,-4.05,-29246040.055744283,10.61,72.7,1.36,1,1,75,Strong Accumulation
BIO,BIO,2026-02-09 05:00:00,-5552860,-21.89,-2395083.534060272,-14.5,49.2,1.07,0,1,20,Strong Distribution
BK,BK,2026-02-09 05:00:00,489325245,1.34,236452993.27722412,6.44,57.6,0.91,0,1,60,Accumulation
BKNG,BKNG,2026-02-09 05:00:00,1563970,-61.4,296210.6132943933,-75.08,23.6,1.8,3,4,25,Strong Distribution
BKR,BKR,2026-02-09 05:00:00,538209872,21.24,336641596.61413866,12.2,86.0,0.95,0,1,85,Strong Accumulation
BLDR,BLDR,2026-02-09 05:00:00,138783336,-3.65,-26449376.323712997,-25.01,52.7,1.19,0,0,35,Distribution
BLK,BLK,2026-02-09 05:00:00,81104655,6.38,44816233.706815474,2.25,32.8,1.11,0,1,60,Accumulation
BMY,BMY,2026-02-09 05:00:00,303998730,27.79,-414906561.5423376,9.51,67.9,1.28,0,0,80,Strong Accumulation
BR,BR,2026-02-09 05:00:00,3512262,-70.17,37594020.862518005,-4.83,25.4,1.68,1,3,40,Distribution
BRK-B,BRK-B,2026-02-09 05:00:00,240384107,4.6,178997996.3550213,0.49,54.5,1.18,1,1,50,Neutral
BRO,BRO,2026-02-09 05:00:00,34656167,-13.46,84981810.06784551,-3.09,35.3,1.02,0,1,35,Distribution
BSX,BSX,2026-02-09 05:00:00,406084939,-24.34,258869202.11905697,-19.08,30.4,1.9,2,4,30,Distribution
BWA,BWA,2026-02-09 05:00:00,64998251,9.34,77543424.22143239,8.88,82.9,1.3,0,0,80,Strong Accumulation
BX,BX,2026-02-09 05:00:00,192775369,-11.57,236001300.45353442,-1.31,19.3,1.9,3,4,40,Distribution
BXP,BXP,2026-02-09 05:00:00,1389286,189.82,34040679.23933426,7.71,43.3,1.2,0,2,75,Strong Accumulation
C,C,2026-02-09 05:00:00,235337830,10.18,213007993.82749686,-1.34,77.6,0.97,0,0,70,Strong Accumulation
CAG,CAG,2026-02-09 05:00:00,-251472356,25.07,-129695048.2467154,29.35,82.5,1.08,0,0,85,Strong Accumulation
CAH,CAH,2026-02-09 05:00:00,293299809,0.25,226983160.65866363,-0.82,69.2,1.21,0,0,55,Accumulation
CARR,CARR,2026-02-09 05:00:00,237306177,14.8,297376677.22539836,23.75,75.0,1.31,1,2,90,Strong Accumulation
CAT,CAT,2026-02-09 05:00:00,200950520,7.92,173934260.12196255,6.42,60.0,1.33,1,1,75,Strong Accumulation
CB,CB,2026-02-09 05:00:00,154722495,6.45,37993731.74194482,10.6,71.8,1.23,0,0,85,Strong Accumulation
CBOE,CBOE,2026-02-09 05:00:00,58290766,6.36,19246939.81234321,34.67,60.7,1.37,0,0,80,Strong Accumulation
CBRE,CBRE,2026-02-09 05:00:00,53652990,8.58,70756142.31537218,2.64,61.4,1.06,0,0,60,Accumulation
CCI,CCI,2026-02-09 05:00:00,33800776,-0.37,55976852.460065655,-2.86,40.7,1.57,1,1,60,Accumulation
CCL,CCL,2026-02-09 05:00:00,820226060,4.02,217708062.3906095,-5.19,63.6,1.1,0,1,40,Distribution
CDNS,CDNS,2026-02-09 05:00:00,80817367,-7.38,100973232.94348627,-2.14,44.6,1.59,2,2,50,Neutral
CDW,CDW,2026-02-09 05:00:00,27925547,56.2,23113491.392880596,31.32,72.1,1.27,0,0,90,Strong Accumulation
CE,CE,2026-02-09 05:00:00,4255656,244.48,-29191076.27703039,22.32,71.2,1.26,0,0,90,Strong Accumulation
CEG,CEG,2026-02-09 05:00:00,154364657,-20.17,52027990.853628755,-25.8,31.6,1.15,0,2,20,Strong Distribution
CF,CF,2026-02-09 05:00:00,181953488,15.17,41514815.37578688,9.79,72.0,0.8,0,0,80,Strong Accumulation
CFG,CFG,2026-02-09 05:00:00,70200165,98.97,107907866.57793747,7.09,67.7,0.93,0,2,75,Strong Accumulation
CHD,CHD,2026-02-09 05:00:00,136291677,26.92,57258457.12277733,20.6,66.0,0.8,0,2,80,Strong Accumulation
CHRW,CHRW,2026-02-09 05:00:00,92148014,24.37,39368866.40809666,40.12,77.4,1.08,0,2,85,Strong Accumulation
CHTR,CHTR,2026-02-09 05:00:00,-54024097,16.59,-102837438.93556395,4.64,86.1,1.09,0,1,70,Strong Accumulation
CI,CI,2026-02-09 05:00:00,87859678,2.01,-9295854.568830187,25.47,59.1,1.48,2,2,70,Strong Accumulation
CINF,CINF,2026-02-09 05:00:00,21420976,2.2,-1868366.5449580797,-46.84,74.3,1.0,0,1,40,Distribution
CL,CL,2026-02-09 05:00:00,307999495,35.34,116593553.93639222,97.04,80.1,0.99,0,0,85,Strong Accumulation
CLX,CLX,2026-02-09 05:00:00,65049091,40.39,-24020552.602476917,34.45,77.9,1.21,1,1,90,Strong Accumulation
CMCSA,CMCSA,2026-02-09 05:00:00,408937569,235.46,157004005.92915568,206.84,79.3,0.84,0,0,85,Strong Accumulation
CME,CME,2026-02-09 05:00:00,168434551,23.27,110158920.79131909,16.32,83.6,1.31,0,0,90,Strong Accumulation
CMG,CMG,2026-02-09 05:00:00,655054215,-3.87,753641635.273525,6.21,53.3,1.42,2,2,65,Accumulation
CMI,CMI,2026-02-09 05:00:00,105536757,6.72,21303156.919407923,24.85,65.4,1.66,2,3,85,Strong Accumulation
CMS,CMS,2026-02-09 05:00:00,215261901,0.43,114898348.8988812,6.63,53.5,1.04,0,1,60,Accumulation
CNC,CNC,2026-02-09 05:00:00,-64209600,-324.42,-240282585.20128855,1.77,30.6,1.35,1,2,40,Distribution
CNP,CNP,2026-02-09 05:00:00,253702052,6.29,30979560.621402387,78.67,41.6,1.09,0,1,75,Strong Accumulation
COF,COF,2026-02-09 05:00:00,209441079,4.1,70479252.13501805,-23.9,51.2,0.7,0,3,35,Distribution
COO,COO,2026-02-09 05:00:00,-11035266,-86.83,16962448.1442509,18.63,41.3,0.78,0,0,50,Neutral
COP,COP,2026-02-09 05:00:00,-150555470,29.29,-283579888.1127781,7.02,70.9,0.94,0,0,80,Strong Accumulation
COR,COR,2026-02-09 05:00:00,135622609,7.89,111123653.24930808,1.22,62.9,1.45,2,2,65,Accumulation
COST,COST,2026-02-09 05:00:00,109659872,14.77,222197842.80857915,3.93,68.7,0.97,0,0,65,Accumulation
CPAY,CPAY,2026-02-09 05:00:00,26770151,2.42,3355900.873719142,-4.18,58.6,1.6,2,3,60,Accumulation
CPB,CPB,2026-02-09 05:00:00,-236139345,16.75,-101853594.58980334,21.07,70.8,0.95,0,0,85,Strong Accumulation
CPRT,CPRT,2026-02-09 05:00:00,68874819,-13.87,161454032.40948552,11.44,65.5,1.0,0,0,50,Neutral
CPT,CPT,2026-02-09 05:00:00,72771923,16.1,40591234.84251042,7.0,60.4,1.18,0,0,75,Strong Accumulation
CRL,CRL,2026-02-09 05:00:00,-18853039,-19.86,36051523.40001979,-6.57,28.2,1.32,0,0,25,Strong Distribution
CRM,CRM,2026-02-09 05:00:00,289377061,-24.05,334532714.82279295,-12.38,27.3,1.44,1,3,20,Strong Distribution
CSCO,CSCO,2026-02-09 05:00:00,1300800072,9.57,1555558820.0056348,5.25,59.5,1.29,0,0,75,Strong Accumulation
CSGP,CSGP,2026-02-09 05:00:00,12639282,296.43,33986830.046126954,-35.77,49.1,1.17,0,2,50,Neutral
CSX,CSX,2026-02-09 05:00:00,84398415,315.52,-159130392.4008174,24.82,78.1,0.96,0,0,85,Strong Accumulation
CTAS,CTAS,2026-02-09 05:00:00,181724448,-0.72,93498698.48620054,2.85,60.8,1.18,0,0,50,Neutral
CTRA,CTRA,2026-02-09 05:00:00,321150862,76.27,-174447043.27201667,11.3,74.7,1.3,2,4,90,Strong Accumulation
CTSH,CTSH,2026-02-09 05:00:00,100723577,-17.67,119581489.04138066,-13.17,35.7,1.41,2,3,25,Strong Distribution
CTVA,CTVA,2026-02-09 05:00:00,129400188,63.55,195880796.50191408,8.21,77.6,1.18,0,1,80,Strong Accumulation
CVS,CVS,2026-02-09 05:00:00,230220529,27.28,140585333.47387153,18.08,47.5,0.81,0,1,80,Strong Accumulation
CVX,CVX,2026-02-09 05:00:00,710038770,22.15,212558825.99587703,6.86,81.0,1.1,0,0,80,Strong Accumulation
CZR,CZR,2026-02-09 05:00:00,-136260804,-9.89,-297636095.2639704,-9.21,37.9,1.39,0,0,35,Distribution
D,D,2026-02-09 05:00:00,70424730,23.26,46044155.77692644,63.97,53.6,0.8,0,0,80,Strong Accumulation
DAL,DAL,2026-02-09 05:00:00,-365927458,-5.61,378708969.53090304,0.72,55.9,1.04,0,1,40,Distribution
DAY,DAY,2026-02-03 05:00:00,67718486,21.31,75474894.56671773,13.33,61.1,2.01,2,3,90,Strong Accumulation
DD,DD,2026-02-09 05:00:00,-136282252,16.1,-167954080.0670787,2.49,71.8,1.03,0,1,70,Strong Accumulation
DE,DE,2026-02-09 05:00:00,48016317,25.61,20082457.79875203,98.47,85.7,1.25,1,1,90,Strong Accumulation
DECK,DECK,2026-02-09 05:00:00,129846780,-6.2,50114924.34341014,13.61,54.7,0.86,0,2,55,Accumulation
DG,DG,2026-02-09 05:00:00,-98903063,6.85,23749191.25109031,-28.95,50.8,0.89,0,0,45,Neutral
DGX,DGX,2026-02-09 05:00:00,62625418,2.84,41000184.14199662,9.12,45.8,1.15,0,0,60,Accumulation
DHI,DHI,2026-02-09 05:00:00,110261571,-5.55,83741770.83649524,-6.35,61.1,1.01,0,0,30,Distribution
DHR,DHR,2026-02-09 05:00:00,74077312,-21.75,78284439.05016261,-9.55,27.6,0.89,0,2,20,Strong Distribution
DIS,DIS,2026-02-09 05:00:00,-538766789,-6.26,176566665.17606813,4.29,45.9,1.16,1,2,40,Distribution
DLR,DLR,2026-02-09 05:00:00,83598539,8.09,116929599.76479885,1.75,53.4,1.15,0,0,60,Accumulation
DLTR,DLTR,2026-02-09 05:00:00,10344518,-52.63,-23162678.302876312,-8.23,34.2,0.87,0,0,25,Strong Distribution
DOC,DOC,2026-02-09 05:00:00,-4134868,-171.35,-1218933.8396067508,96.47,35.5,1.17,0,0,50,Neutral
DOV,DOV,2026-02-09 05:00:00,17450665,16.94,19524219.06233002,28.58,57.3,1.1,0,1,80,Strong Accumulation
DOW,DOW,2026-02-09 05:00:00,-295403285,4.21,-330432494.69343066,14.17,60.5,1.15,0,0,65,Accumulation
DPZ,DPZ,2026-02-09 05:00:00,11706121,-10.54,-7181015.828340875,-9.04,46.6,1.23,0,1,30,Distribution
DRI,DRI,2026-02-09 05:00:00,72341230,16.03,70453446.80416378,3.53,65.9,0.94,0,0,65,Accumulation
DTE,DTE,2026-02-09 05:00:00,141751329,5.66,39213783.9084732,12.15,47.7,0.89,0,0,75,Strong Accumulation
DUK,DUK,2026-02-09 05:00:00,244058211,10.36,150035546.63511044,11.29,57.6,1.05,0,0,80,Strong Accumulation
DVA,DVA,2026-02-09 05:00:00,23695761,47.12,24024933.712696858,27.82,71.7,1.85,2,4,95,Strong Accumulation
DVN,DVN,2026-02-09 05:00:00,205664864,63.31,107141226.02468641,40.63,73.3,1.25,1,3,90,Strong Accumulation
DXCM,DXCM,2026-02-09 05:00:00,238068806,-0.04,68817681.87663409,3.9,49.4,0.84,0,2,50,Neutral
EA,EA,2026-02-09 05:00:00,172416994,-5.26,55878673.02357349,-16.02,34.5,1.97,2,3,35,Distribution
EBAY,EBAY,2026-02-09 05:00:00,359101066,2.24,164559485.58144027,-0.12,48.7,1.46,1,1,55,Accumulation
ECL,ECL,2026-02-09 05:00:00,204885651,2.35,78608748.59085765,11.09,75.8,1.24,0,0,75,Strong Accumulation
ED,ED,2026-02-09 05:00:00,46854808,34.79,14867874.311386239,105.26,58.0,0.97,0,1,80,Strong Accumulation
EFX,EFX,2026-02-09 05:00:00,16128113,11.16,18467352.3605409,-2.48,43.3,1.69,3,4,75,Strong Accumulation
EG,EG,2026-02-09 05:00:00,14849005,4.95,-5080521.196276795,10.8,66.1,1.42,1,1,70,Strong Accumulation
EIX,EIX,2026-02-09 05:00:00,82393835,27.89,71196613.0675889,5.44,51.2,0.93,0,0,75,Strong Accumulation
EL,EL,2026-02-09 05:00:00,-149887253,-2.07,-64653796.83429635,-7.67,37.5,1.72,1,1,50,Neutral
ELV,ELV,2026-02-09 05:00:00,-1899209,-662.12,6859196.977836944,-6.25,42.7,0.93,0,2,25,Strong Distribution
EMN,EMN,2026-02-09 05:00:00,-44047279,28.63,770854.0213797016,110.91,89.8,1.22,0,1,90,Strong Accumulation
EMR,EMR,2026-02-09 05:00:00,193127308,17.4,178172349.99052086,-0.83,68.0,1.44,1,1,70,Strong Accumulation
ENPH,ENPH,2026-02-09 05:00:00,128020403,35.74,-209130786.2372124,8.77,78.0,1.9,1,2,90,Strong Accumulation
EOG,EOG,2026-02-09 05:00:00,-46184312,40.56,22567688.87066044,13.62,67.2,0.79,0,0,80,Strong Accumulation
EPAM,EPAM,2026-02-09 05:00:00,33005786,-0.77,12518404.081779582,5.08,45.7,1.7,1,1,70,Strong Accumulation
EQIX,EQIX,2026-02-09 05:00:00,14653750,16.86,26232948.009145685,5.41,59.0,0.93,0,1,75,Strong Accumulation
EQR,EQR,2026-02-09 05:00:00,36345740,71.1,61746179.02524359,13.64,66.8,1.13,0,0,80,Strong Accumulation
EQT,EQT,2026-02-09 05:00:00,362087876,10.61,424731168.5336122,0.88,77.2,0.61,0,2,65,Accumulation
ES,ES,2026-02-09 05:00:00,110280644,-3.28,77344277.31258637,-6.71,24.4,1.06,0,0,35,Distribution
ESS,ESS,2026-02-09 05:00:00,30682950,-0.12,20720488.562810868,11.16,44.7,1.25,0,0,70,Strong Accumulation
ETN,ETN,2026-02-09 05:00:00,105432607,35.3,139870760.81166524,0.64,63.0,1.22,0,0,70,Strong Accumulation
ETR,ETR,2026-02-09 05:00:00,221348965,2.75,225092435.37726316,2.67,58.9,1.06,0,0,50,Neutral
ETSY,ETSY,2026-02-09 05:00:00,54588598,-10.98,11438832.999916874,-39.82,44.2,1.32,0,0,25,Strong Distribution
EVRG,EVRG,2026-02-09 05:00:00,240380426,3.57,112637989.6995224,6.2,41.3,0.91,0,0,60,Accumulation
EW,EW,2026-02-09 05:00:00,7393102,-80.63,129900542.69736621,-3.92,38.4,1.38,0,0,40,Distribution
EXC,EXC,2026-02-09 05:00:00,310514927,20.67,443835176.930638,7.75,51.4,1.04,0,1,75,Strong Accumulation
EXPD,EXPD,2026-02-09 05:00:00,42153791,-10.99,58607178.959468335,-1.97,55.2,1.01,0,1,35,Distribution
EXPE,EXPE,2026-02-09 05:00:00,36806727,-25.79,57668945.12954871,-14.32,39.4,1.69,2,2,30,Distribution
EXR,EXR,2026-02-09 05:00:00,-23819042,-2.01,31782511.281768057,10.74,37.7,0.99,0,0,65,Accumulation
F,F,2026-02-09 05:00:00,-404075768,-1101.23,-386118452.28756106,-101.33,51.6,1.09,0,0,20,Strong Distribution
FANG,FANG,2026-02-09 05:00:00,166667569,7.25,25276043.83785475,10.7,59.0,1.0,0,0,75,Strong Accumulation
FAST,FAST,2026-02-09 05:00:00,431789938,11.56,695117991.7475077,12.47,63.1,1.12,0,2,80,Strong Accumulation
FCX,FCX,2026-02-09 05:00:00,373595397,75.86,865839349.1059988,4.48,69.0,0.96,0,1,65,Accumulation
FDS,FDS,2026-02-09 05:00:00,11374247,-43.06,-5815193.111236852,-542.18,6.6,1.86,3,4,25,Strong Distribution
FDX,FDX,2026-02-09 05:00:00,169620912,10.8,20462478.960020225,99.6,84.4,1.23,0,0,90,Strong Accumulation
FE,FE,2026-02-09 05:00:00,192688043,4.64,200143888.07235482,12.93,47.7,1.21,1,2,70,Strong Accumulation
FFIV,FFIV,2026-02-09 05:00:00,50981386,4.61,32894686.74770485,-10.28,63.5,0.66,0,3,30,Distribution
FICO,FICO,2026-02-09 05:00:00,9043074,-25.19,140558.03310102018,-88.31,22.1,1.32,1,1,20,Strong Distribution
FIS,FIS,2026-02-09 05:00:00,-9814430,-150.76,68733092.98127629,-24.84,25.3,1.41,0,1,20,Strong Distribution
FITB,FITB,2026-02-09 05:00:00,91827362,194.1,289365332.46900636,66.33,71.6,0.91,0,3,85,Strong Accumulation
FMC,FMC,2026-02-09 05:00:00,-279713147,-0.53,-116915901.22607535,18.47,44.6,1.89,2,2,75,Strong Accumulation
FOX,FOX,2026-02-09 05:00:00,-35040026,-126.95,-31836445.893916104,-46.56,41.4,1.44,1,1,25,Strong Distribution
FOXA,FOXA,2026-02-09 05:00:00,148966444,-24.46,-18025906.891887315,-471.82,32.5,1.49,0,0,25,Strong Distribution
FRT,FRT,2026-02-09 05:00:00,11846478,44.13,9583128.942332095,62.97,59.6,0.98,0,1,80,Strong Accumulation
FSLR,FSLR,2026-02-09 05:00:00,112581418,1.77,16641033.043019602,-18.92,42.2,1.11,1,2,35,Distribution
FTNT,FTNT,2026-02-09 05:00:00,639090293,1.76,834522697.5317159,2.0,56.9,1.38,1,1,55,Accumulation
FTV,FTV,2026-02-09 05:00:00,21403310,82.77,44308310.24487426,51.42,65.9,1.66,1,1,90,Strong Accumulation
GD,GD,2026-02-09 05:00:00,111067728,4.62,27068559.581196226,27.1,34.8,0.89,0,0,65,Accumulation
GDDY,GDDY,2026-02-09 05:00:00,143202053,-2.21,64650121.553532824,-8.95,56.5,1.22,0,0,45,Neutral
GE,GE,2026-02-09 05:00:00,814367131,1.03,13144533.76393679,38.66,60.2,0.78,0,3,65,Accumulation
GEHC,GEHC,2026-02-09 05:00:00,23972598,-31.98,90278788.61175375,-12.19,51.9,1.16,0,1,20,Strong Distribution
GEN,GEN,2026-02-09 05:00:00,175986399,-2.79,183299043.77594236,-13.19,34.8,1.6,0,1,45,Neutral
GEV,GEV,2026-02-09 05:00:00,102412644,29.15,99467283.21480538,14.67,67.0,1.05,0,0,80,Strong Accumulation
GILD,GILD,2026-02-09 05:00:00,617801859,12.73,501369052.80577844,15.64,88.0,0.96,0,1,85,Strong Accumulation
GIS,GIS,2026-02-09 05:00:00,2618445,111.45,-13585951.62409064,70.38,76.6,0.97,0,0,85,Strong Accumulation
GL,GL,2026-02-09 05:00:00,70779122,3.26,-13232709.961834814,-9.59,72.6,1.1,0,1,45,Neutral
GLW,GLW,2026-02-09 05:00:00,632380782,15.31,368388202.90331614,11.15,65.5,1.26,0,2,85,Strong Accumulation
GM,GM,2026-02-09 05:00:00,1026115986,-0.52,-71578678.25065388,-59.61,48.5,0.93,0,1,35,Distribution
GNRC,GNRC,2026-02-09 05:00:00,13678616,112.91,6171418.379587884,44.43,56.0,0.87,0,0,80,Strong Accumulation
GOOG,GOOG,2026-02-09 05:00:00,3055547916,-2.55,1310058564.8919923,1.25,58.0,1.43,1,1,55,Accumulation
GOOGL,GOOGL,2026-02-09 05:00:00,4034315908,-3.84,1893067265.9971051,1.78,55.0,1.54,2,2,60,Accumulation
GPC,GPC,2026-02-09 05:00:00,54170971,30.41,41533381.6238165,31.06,57.5,1.02,0,0,80,Strong Accumulation
GPN,GPN,2026-02-09 05:00:00,-50019232,-11.87,-132570555.56912747,-12.92,46.0,1.1,0,1,20,Strong Distribution
GRMN,GRMN,2026-02-09 05:00:00,79084640,2.59,77662785.45426911,0.48,60.3,1.11,0,0,50,Neutral
GS,GS,2026-02-09 05:00:00,121320632,-4.57,91697835.85936347,2.14,58.2,1.06,0,0,50,Neutral
GWW,GWW,2026-02-09 05:00:00,18022710,16.16,14236127.081306819,19.52,79.4,1.58,2,2,95,Strong Accumulation
HAL,HAL,2026-02-09 05:00:00,472706059,25.41,-94452687.65116672,-8.38,65.7,0.83,0,0,55,Accumulation
HAS,HAS,2026-02-09 05:00:00,93136340,9.46,50661700.7279762,22.68,72.8,1.42,1,1,85,Strong Accumulation
HBAN,HBAN,2026-02-09 05:00:00,74114141,132.64,901352691.4670436,15.3,71.1,0.88,0,2,85,Strong Accumulation
HCA,HCA,2026-02-09 05:00:00,130420090,3.79,29622483.62938284,-3.3,62.8,0.83,0,1,50,Neutral
HD,HD,2026-02-09 05:00:00,98231824,17.92,229575469.8412483,3.99,58.3,1.03,0,0,65,Accumulation
HIG,HIG,2026-02-09 05:00:00,120608518,9.34,40198483.20913789,10.72,82.7,1.1,0,0,80,Strong Accumulation
HII,HII,2026-02-09 05:00:00,28663804,10.66,-3633313.1506549898,31.03,50.1,1.31,1,1,85,Strong Accumulation
HLT,HLT,2026-02-09 05:00:00,84357909,8.33,78949404.27439533,15.03,72.7,1.03,0,0,80,Strong Accumulation
HOLX,HOLX,2026-02-09 05:00:00,110758875,-6.36,-18059909.857955795,-294.7,32.0,1.18,0,1,25,Strong Distribution
HON,HON,2026-02-09 05:00:00,166470270,30.42,56262303.620394394,56.39,67.1,0.87,0,1,80,Strong Accumulation
HPE,HPE,2026-02-09 05:00:00,1441025638,1.88,583850398.9192797,1.51,77.5,1.2,0,0,60,Accumulation
HPQ,HPQ,2026-02-09 05:00:00,571304702,-12.76,-178034520.559093,2.97,43.8,1.22,0,0,40,Distribution
HRL,HRL,2026-02-09 05:00:00,-10891526,64.01,-2829456.3872070154,85.06,45.2,0.79,0,1,80,Strong Accumulation
HSIC,HSIC,2026-02-09 05:00:00,22945452,14.56,-6636351.177426595,17.61,53.6,1.07,0,0,80,Strong Accumulation
HST,HST,2026-02-09 05:00:00,94912491,38.13,-34930863.76309958,29.09,57.4,0.93,0,1,80,Strong Accumulation
HSY,HSY,2026-02-09 05:00:00,67960658,32.35,-8631371.541193636,51.58,77.8,1.52,1,2,95,Strong Accumulation
HUBB,HUBB,2026-02-09 05:00:00,12929561,60.52,16097390.785523696,14.23,67.9,1.47,1,1,85,Strong Accumulation
HUM,HUM,2026-02-09 05:00:00,-4103539,-124.95,-12123424.185262984,-423.85,18.2,0.87,0,2,15,Strong Distribution
HWM,HWM,2026-02-09 05:00:00,404471046,-1.21,256165926.2268946,-3.02,37.4,1.05,0,0,50,Neutral
IBM,IBM,2026-02-09 05:00:00,249346065,-3.07,326695060.22510827,3.73,47.1,1.22,1,2,55,Accumulation
ICE,ICE,2026-02-09 05:00:00,95104079,23.97,127107474.21656369,6.94,38.5,1.37,1,1,80,Strong Accumulation
IDXX,IDXX,2026-02-09 05:00:00,25498536,-7.52,37781769.87391755,-3.37,41.3,1.15,0,1,40,Distribution
IEX,IEX,2026-02-09 05:00:00,6005015,161.99,-4244874.305429113,52.84,74.9,1.67,2,2,95,Strong Accumulation
IFF,IFF,2026-02-09 05:00:00,-46999487,17.22,15191058.266219953,96.01,62.7,0.93,0,0,80,Strong Accumulation
ILMN,ILMN,2026-02-09 05:00:00,-36139484,-117.03,58928141.96660128,-10.57,25.2,1.31,0,0,20,Strong Distribution
INCY,INCY,2026-02-09 05:00:00,137610986,3.94,152085120.16595057,0.99,71.2,1.12,0,0,55,Accumulation
INTC,INTC,2026-02-09 05:00:00,1481374072,21.4,-1859828772.6515849,10.95,64.3,0.79,0,3,80,Strong Accumulation
INTU,INTU,2026-02-09 05:00:00,25273107,-61.75,78472748.44848733,-16.22,32.1,1.42,2,5,25,Strong Distribution
INVH,INVH,2026-02-09 05:00:00,-178980579,-0.45,121152237.95713037,0.6,28.6,0.98,0,0,45,Neutral
IP,IP,2026-02-09 05:00:00,49946175,50.21,267919150.47142643,6.11,68.0,1.15,0,4,75,Strong Accumulation
IQV,IQV,2026-02-09 05:00:00,-15140010,-661.3,61721770.870047815,-6.63,30.5,2.06,4,4,35,Distribution
IR,IR,2026-02-09 05:00:00,-23242097,33.19,9604775.704313342,1897.57,65.2,1.62,1,4,90,Strong Accumulation
IRM,IRM,2026-02-09 05:00:00,285312901,1.69,157900898.79848194,4.24,54.7,1.01,0,0,50,Neutral
ISRG,ISRG,2026-02-09 05:00:00,151682551,-14.77,142537660.53026405,-6.53,43.2,1.22,0,1,30,Distribution
IT,IT,2026-02-09 05:00:00,26371641,-41.42,22208730.439689636,10.03,34.3,2.05,3,4,60,Accumulation
ITW,ITW,2026-02-09 05:00:00,32782353,33.82,55411883.32628732,7.87,78.8,1.57,2,2,90,Strong Accumulation
IVZ,IVZ,2026-02-09 05:00:00,454474211,1.15,217479647.8600814,-6.71,44.2,1.11,0,1,40,Distribution
J,J,2026-02-09 05:00:00,42646895,0.19,47960358.259818755,9.55,58.2,1.51,1,1,70,Strong Accumulation
JBHT,JBHT,2026-02-09 05:00:00,-5114277,15.48,8494384.8656453,229.88,60.8,1.17,0,1,80,Strong Accumulation
JBL,JBL,2026-02-09 05:00:00,134213769,3.27,23437716.88440752,11.29,52.9,0.97,0,0,65,Accumulation
JCI,JCI,2026-02-09 05:00:00,665182223,11.66,243055909.4295266,9.34,84.5,1.33,1,1,85,Strong Accumulation
JKHY,JKHY,2026-02-09 05:00:00,27791980,-12.62,21602128.972967327,-19.41,38.8,1.62,2,2,30,Distribution
JNJ,JNJ,2026-02-09 05:00:00,-51432601,51.55,414398715.02628016,14.79,75.8,0.86,0,0,85,Strong Accumulation
JPM,JPM,2026-02-09 05:00:00,321423907,0.73,256913007.842637,-7.62,80.6,0.9,0,1,45,Neutral
K,K,2025-12-10 05:00:00,176781432,-9.64,77374274.72395971,-20.56,37.3,2.39,1,3,35,Distribution
KDP,KDP,2026-02-09 05:00:00,5395448,121.93,238303936.7727045,17.68,56.0,0.91,0,0,80,Strong Accumulation
KEY,KEY,2026-02-09 05:00:00,95389359,121.32,426027315.759851,13.48,67.4,0.97,0,0,80,Strong Accumulation
KEYS,KEYS,2026-02-09 05:00:00,50219757,7.65,48941676.49171262,8.28,70.2,1.1,0,0,75,Strong Accumulation
KHC,KHC,2026-02-09 05:00:00,127345086,48.36,336191817.1545762,30.32,65.7,0.89,0,1,80,Strong Accumulation
KIM,KIM,2026-02-09 05:00:00,29081681,256.0,70190790.39700422,82.25,49.8,0.9,0,1,80,Strong Accumulation
KKR,KKR,2026-02-09 05:00:00,155301121,-2.55,265173790.59622785,-5.9,21.2,1.99,3,4,45,Neutral
KLAC,KLAC,2026-02-09 05:00:00,88858931,1.47,76312570.06251869,-0.66,53.1,1.13,0,1,50,Neutral
KMB,KMB,2026-02-09 05:00:00,-101477225,20.07,-74986580.52872126,22.63,59.5,0.88,0,0,80,Strong Accumulation
KMI,KMI,2026-02-09 05:00:00,301442860,74.89,432524294.1945933,20.09,78.8,0.89,0,1,85,Strong Accumulation
KMX,KMX,2026-02-09 05:00:00,-123244016,10.41,20878504.25576746,16.85,49.6,0.85,0,0,80,Strong Accumulation
KO,KO,2026-02-09 05:00:00,1015527040,20.83,473976440.49070877,28.32,87.5,1.18,0,0,85,Strong Accumulation
KR,KR,2026-02-09 05:00:00,519521433,8.52,-32566660.66456996,42.33,80.3,1.19,0,0,80,Strong Accumulation
KVUE,KVUE,2026-02-09 05:00:00,-1672938,99.58,-908937679.787308,24.54,72.4,1.38,0,1,90,Strong Accumulation
L,L,2026-02-09 05:00:00,49870073,7.15,7934214.301461486,10.48,75.6,1.2,0,0,80,Strong Accumulation
LDOS,LDOS,2026-02-09 05:00:00,55091455,1.8,50237707.68133212,2.8,53.9,0.97,0,0,50,Neutral
LEN,LEN,2026-02-09 05:00:00,55436790,-6.05,36672170.90624928,-20.07,49.7,1.05,0,0,25,Strong Distribution
LH,LH,2026-02-09 05:00:00,66273663,12.97,48582783.94020349,11.99,43.2,0.77,0,1,80,Strong Accumulation
LHX,LHX,2026-02-09 05:00:00,3333440,129.21,728894.5066206644,155.9,62.1,0.71,0,1,80,Strong Accumulation
LIN,LIN,2026-02-09 05:00:00,45677400,17.96,110117891.58999635,9.88,70.6,1.26,0,0,85,Strong Accumulation
LKQ,LKQ,2026-02-09 05:00:00,50398305,-9.27,-357388.5750941886,-107.37,55.7,0.84,0,1,25,Strong Distribution
LLY,LLY,2026-02-09 05:00:00,375442849,-0.56,184146979.27097026,0.99,55.6,1.59,2,2,60,Accumulation
LMT,LMT,2026-02-09 05:00:00,90177914,25.46,-11507163.538623873,48.3,78.4,0.94,0,0,85,Strong Accumulation
LNT,LNT,2026-02-09 05:00:00,126162391,15.68,91490408.62384541,5.23,40.9,1.24,0,1,80,Strong Accumulation
LOW,LOW,2026-02-09 05:00:00,391201141,3.88,35119334.40296789,16.3,52.7,0.88,0,0,65,Accumulation
LRCX,LRCX,2026-02-09 05:00:00,897678129,1.03,528232601.5744205,-4.63,49.0,1.0,0,0,50,Neutral
LULU,LULU,2026-02-09 05:00:00,48693698,-4.7,-85204022.07957089,-16.92,34.1,0.83,0,0,35,Distribution
LUV,LUV,2026-02-09 05:00:00,450005969,6.12,-43544286.96089995,34.25,75.9,0.99,0,1,80,Strong Accumulation
LVS,LVS,2026-02-09 05:00:00,77858892,84.14,-148047598.53164402,-16.55,59.7,0.8,0,1,50,Neutral
LW,LW,2026-02-09 05:00:00,44771926,135.84,-30093713.26264922,38.93,75.0,1.07,0,0,85,Strong Accumulation
LYB,LYB,2026-02-09 05:00:00,-140515639,2.48,-92991233.17914142,19.69,49.3,1.01,0,1,65,Accumulation
LYV,LYV,2026-02-09 05:00:00,89722435,-7.04,139004798.36121622,3.71,50.8,1.01,0,2,40,Distribution
MA,MA,2026-02-09 05:00:00,64119082,-25.57,153568875.17170736,-1.48,53.3,0.94,0,1,35,Distribution
MAA,MAA,2026-02-09 05:00:00,-1367184,50.41,27254255.522029992,10.22,32.0,1.45,1,1,85,Strong Accumulation
MAR,MAR,2026-02-09 05:00:00,10743897,9.03,80517441.91187578,5.58,52.8,1.1,0,0,70,Strong Accumulation
MAS,MAS,2026-02-09 05:00:00,17916199,-35.45,18503605.44618479,-15.35,52.5,1.37,0,0,25,Strong Distribution
MCD,MCD,2026-02-09 05:00:00,106794001,21.94,192624956.38190046,8.39,93.3,1.15,0,0,80,Strong Accumulation
MCHP,MCHP,2026-02-09 05:00:00,50892584,-35.69,60893393.29864077,-0.07,44.6,1.33,1,1,40,Distribution
MCK,MCK,2026-02-09 05:00:00,60037158,3.16,110213795.8725713,1.27,63.3,1.72,2,2,60,Accumulation
MCO,MCO,2026-02-09 05:00:00,59330178,-17.05,41934713.05318818,-6.85,12.6,2.08,3,3,30,Distribution
MDLZ,MDLZ,2026-02-09 05:00:00,279977266,37.74,186154676.32078403,36.6,74.0,1.18,0,0,85,Strong Accumulation
MDT,MDT,2026-02-09 05:00:00,240288950,16.45,203954376.74679646,-0.41,52.3,1.11,0,0,65,Accumulation
MET,MET,2026-02-09 05:00:00,217739225,-2.36,-50255173.101827435,-15.04,47.9,1.38,1,1,40,Distribution
META,META,2026-02-09 05:00:00,916485091,1.63,104617340.48319407,-11.45,55.5,0.84,0,1,35,Distribution
MGM,MGM,2026-02-09 05:00:00,-80871263,10.87,-282092777.3330743,3.86,62.5,1.58,2,2,75,Strong Accumulation
MHK,MHK,2026-02-09 05:00:00,-30939701,10.56,7887604.006433432,70.14,65.3,1.24,0,0,85,Strong Accumulation
MKC,MKC,2026-02-09 05:00:00,45631063,17.57,54973634.78002116,25.18,40.2,0.79,0,2,80,Strong Accumulation
MKTX,MKTX,2026-02-09 05:00:00,-24635612,8.84,-16730865.22344889,-0.36,54.5,1.55,1,1,70,Strong Accumulation
MLM,MLM,2026-02-09 05:00:00,24101782,12.58,18799489.625142656,3.55,81.6,1.08,0,0,70,Strong Accumulation
MMC,MMC,2026-02-09 05:00:00,170493519,0.93,95297923.70861265,-7.56,42.1,1.18,0,0,40,Distribution
MMM,MMM,2026-02-09 05:00:00,-18718009,11.27,86847448.57831292,0.92,46.3,1.06,0,3,65,Accumulation
MNST,MNST,2026-02-09 05:00:00,443171177,9.27,212099986.2767543,7.69,61.0,1.19,0,0,70,Strong Accumulation
MO,MO,2026-02-09 05:00:00,667555473,10.05,172008822.49551162,32.34,69.4,0.92,0,1,80,Strong Accumulation
MOH,MOH,2026-02-09 05:00:00,1799827,-91.86,5343399.4636919815,-12.98,24.5,1.99,2,3,25,Strong Distribution
MOS,MOS,2026-02-09 05:00:00,167798239,12.23,150380854.50886422,5.27,52.6,0.82,0,1,75,Strong Accumulation
MPC,MPC,2026-02-09 05:00:00,323534001,5.25,57132748.13887386,7.86,73.3,1.28,1,1,80,Strong Accumulation
MPWR,MPWR,2026-02-09 05:00:00,36924227,15.63,28755056.49604271,1.55,55.6,1.49,2,2,70,Strong Accumulation
MRK,MRK,2026-02-09 05:00:00,437899007,27.36,104040137.43815348,55.68,75.1,1.43,0,0,90,Strong Accumulation
MRNA,MRNA,2026-02-09 05:00:00,561729313,8.5,488098096.4721998,4.67,43.8,0.62,0,2,55,Accumulation
MS,MS,2026-02-09 05:00:00,441129558,-2.32,295158727.11404395,-1.5,55.5,0.98,0,3,50,Neutral
MSCI,MSCI,2026-02-09 05:00:00,14890123,-5.37,17039109.3526715,5.6,47.4,1.59,2,3,60,Accumulation
MSFT,MSFT,2026-02-09 05:00:00,1329655796,-11.07,2142682882.3612876,-0.63,44.2,1.26,0,1,40,Distribution
MSI,MSI,2026-02-09 05:00:00,64003129,14.01,30004297.09724362,34.54,86.7,0.99,0,0,85,Strong Accumulation
MTB,MTB,2026-02-09 05:00:00,39875449,25.32,21770318.192385383,37.77,82.0,1.08,0,0,85,Strong Accumulation
MTCH,MTCH,2026-02-09 05:00:00,-261278390,5.89,-80554076.63348632,2.02,58.6,1.63,2,2,70,Strong Accumulation
MTD,MTD,2026-02-09 05:00:00,8584122,-10.27,4343327.304636933,2.24,43.7,1.13,0,1,35,Distribution
MU,MU,2026-02-09 05:00:00,1602080913,17.13,636199091.6416742,13.47,57.2,1.08,0,0,80,Strong Accumulation
NCLH,NCLH,2026-02-09 05:00:00,406361703,-25.7,98247550.35551924,-33.02,55.7,1.03,0,0,20,Strong Distribution
NDAQ,NDAQ,2026-02-09 05:00:00,247428131,-8.05,156232066.27829915,-8.53,32.1,1.96,3,3,40,Distribution
NDSN,NDSN,2026-02-09 05:00:00,22442893,20.45,15986150.840122102,31.68,75.4,1.13,0,0,85,Strong Accumulation
NEE,NEE,2026-02-09 05:00:00,278697758,44.11,210203377.2069718,18.83,75.4,0.89,0,0,85,Strong Accumulation
NEM,NEM,2026-02-09 05:00:00,324182477,9.72,473211596.9441493,2.82,55.8,0.97,0,0,60,Accumulation
NFLX,NFLX,2026-02-09 05:00:00,905368169,-32.11,3031510721.1606674,-4.65,44.5,0.9,0,2,35,Distribution
NI,NI,2026-02-09 05:00:00,497242324,5.11,267463821.3157523,0.11,64.4,1.1,0,1,60,Accumulation
NKE,NKE,2026-02-09 05:00:00,-338094392,-27.6,-299923702.6977673,-6.77,46.1,1.06,0,0,25,Strong Distribution
NOC,NOC,2026-02-09 05:00:00,55586202,7.72,16201335.993447209,40.73,59.7,0.93,0,0,75,Strong Accumulation
NOW,NOW,2026-02-09 05:00:00,512761767,-21.54,363315991.7611811,-12.31,33.2,1.44,0,1,25,Strong Distribution
NRG,NRG,2026-02-09 05:00:00,325310147,-0.2,120825615.29111345,1.39,52.0,1.15,0,0,50,Neutral
NSC,NSC,2026-02-09 05:00:00,42237748,15.61,-29454611.04610287,12.96,78.1,1.23,0,1,90,Strong Accumulation
NTAP,NTAP,2026-02-09 05:00:00,124481188,1.69,115343187.81201774,-2.82,67.0,0.88,0,1,50,Neutral
NTRS,NTRS,2026-02-09 05:00:00,44856072,15.83,54707212.02779446,-0.93,61.0,1.03,0,1,65,Accumulation
NUE,NUE,2026-02-09 05:00:00,101224384,10.1,-19766534.23253765,36.85,68.4,1.01,0,0,80,Strong Accumulation
NVDA,NVDA,2026-02-09 05:00:00,53562333312,0.15,45425795240.31196,-1.13,56.8,1.18,0,0,50,Neutral
NVR,NVR,2026-02-09 05:00:00,331148,-11.83,-225983.1432356628,18.82,50.4,0.87,0,1,50,Neutral
NWS,NWS,2026-02-09 05:00:00,54314060,-15.88,-532968.0207992743,-106.64,26.7,1.77,3,4,25,Strong Distribution
NWSA,NWSA,2026-02-09 05:00:00,103260853,-15.61,-50002567.96469928,-14.26,24.2,1.85,3,3,25,Strong Distribution
NXPI,NXPI,2026-02-09 05:00:00,154668876,-3.1,47319364.09540473,20.6,49.2,1.51,1,1,75,Strong Accumulation
O,O,2026-02-09 05:00:00,-38482331,52.16,-120730036.54573485,28.0,60.6,1.03,0,0,80,Strong Accumulation
ODFL,ODFL,2026-02-09 05:00:00,98030662,4.35,23491710.93220678,120.0,50.5,1.55,1,1,75,Strong Accumulation
OKE,OKE,2026-02-09 05:00:00,209303710,18.58,160720821.25374755,12.86,71.6,0.95,0,1,85,Strong Accumulation
OMC,OMC,2026-02-09 05:00:00,35919735,-3.06,-21228512.695546657,-13.6,51.4,1.33,1,1,40,Distribution
ON,ON,2026-02-09 05:00:00,168857181,8.73,71878718.35526004,4.2,68.0,1.32,0,0,65,Accumulation
ORCL,ORCL,2026-02-09 05:00:00,971256263,-24.05,-46466579.39270119,-146.97,24.8,1.35,0,0,20,Strong Distribution
ORLY,ORLY,2026-02-09 05:00:00,848262575,0.03,81692452.16706227,6.73,31.7,1.37,0,0,65,Accumulation
OTIS,OTIS,2026-02-09 05:00:00,161752466,-4.24,100036111.46879725,10.24,68.4,1.08,0,1,65,Accumulation
OXY,OXY,2026-02-09 05:00:00,544025732,8.27,-234318885.5293277,3.45,72.1,0.99,0,0,65,Accumulation
PANW,PANW,2026-02-09 05:00:00,1005562559,-0.3,596037248.5036892,1.53,31.5,1.59,1,2,60,Accumulation
PAYC,PAYC,2026-02-09 05:00:00,16498859,-39.71,12084531.737995297,-32.37,31.3,1.37,0,2,25,Strong Distribution
PAYX,PAYX,2026-02-09 05:00:00,-5418344,-127.06,93708505.51072197,-13.64,24.6,1.24,0,0,20,Strong Distribution
PCAR,PCAR,2026-02-09 05:00:00,134573284,4.86,143246974.7226632,8.86,44.2,1.25,0,0,65,Accumulation
PCG,PCG,2026-02-09 05:00:00,969119247,-1.11,991207034.8903956,5.11,56.0,0.9,0,0,60,Accumulation
PEG,PEG,2026-02-09 05:00:00,257515211,6.14,158745229.63496074,6.35,48.9,0.77,0,0,70,Strong Accumulation
PEP,PEP,2026-02-09 05:00:00,326640304,45.33,309264732.1824876,29.65,83.7,1.3,1,1,90,Strong Accumulation
PFE,PFE,2026-02-09 05:00:00,-209228677,41.58,-682912319.4868454,31.69,77.3,1.21,0,0,90,Strong Accumulation
PFG,PFG,2026-02-09 05:00:00,-201244,95.08,69968608.70518237,6.69,70.6,0.97,0,2,80,Strong Accumulation
PG,PG,2026-02-09 05:00:00,542413149,17.44,184086709.71843293,43.47,76.1,0.96,0,0,85,Strong Accumulation
PGR,PGR,2026-02-09 05:00:00,140088495,-7.15,214093141.0948346,-1.28,60.3,0.88,0,0,40,Distribution
PH,PH,2026-02-09 05:00:00,42136466,0.96,27786088.462235816,-0.92,57.6,1.02,0,1,50,Neutral
PHM,PHM,2026-02-09 05:00:00,212214368,-0.41,88875276.83608563,-3.01,66.6,1.02,0,0,50,Neutral
PKG,PKG,2026-02-09 05:00:00,18735181,51.54,28682563.49885177,9.02,65.2,0.85,0,4,75,Strong Accumulation
PLD,PLD,2026-02-09 05:00:00,205276966,17.38,76616652.04497793,15.42,77.6,0.85,0,0,85,Strong Accumulation
PM,PM,2026-02-09 05:00:00,679851154,8.45,527660527.27231836,6.43,61.1,1.22,0,0,75,Strong Accumulation
PNC,PNC,2026-02-09 05:00:00,63327901,15.71,94066473.50315978,6.43,69.2,1.01,0,3,75,Strong Accumulation
PNR,PNR,2026-02-09 05:00:00,130656704,6.2,70507538.72315162,-3.85,39.2,1.63,2,2,70,Strong Accumulation
PNW,PNW,2026-02-09 05:00:00,41139025,7.98,28650731.57507191,5.08,43.1,0.77,0,0,70,Strong Accumulation
PODD,PODD,2026-02-09 05:00:00,36574554,-13.12,18531980.453578398,-22.21,23.9,1.01,0,2,15,Strong Distribution
POOL,POOL,2026-02-09 05:00:00,5703139,3.33,10176514.423955534,33.62,54.3,1.11,0,1,65,Accumulation
PPG,PPG,2026-02-09 05:00:00,50467190,73.06,-54197247.24373065,13.72,87.3,0.93,0,2,85,Strong Accumulation
PPL,PPL,2026-02-09 05:00:00,319464642,-1.96,161861317.12881908,-1.58,35.8,1.38,1,2,55,Accumulation
PRU,PRU,2026-02-09 05:00:00,-6140798,-171.46,15420487.025630599,-31.75,38.8,1.61,2,3,30,Distribution
PSA,PSA,2026-02-09 05:00:00,21587964,18.71,38607356.354515985,7.55,48.2,0.83,0,1,75,Strong Accumulation
PSX,PSX,2026-02-09 05:00:00,93457782,4.46,-62004444.04055893,4.04,71.7,1.29,0,0,60,Accumulation
PTC,PTC,2026-02-09 05:00:00,12479203,42.8,70011770.52873284,-1.76,46.0,1.59,2,2,75,Strong Accumulation
PWR,PWR,2026-02-09 05:00:00,102304515,8.2,60010858.50310371,8.83,67.0,1.15,0,1,70,Strong Accumulation
PYPL,PYPL,2026-02-09 05:00:00,-851657576,-51.88,-483900550.6821479,-30.6,29.8,2.19,2,2,25,Strong Distribution
QCOM,QCOM,2026-02-09 05:00:00,319063073,-18.63,348646780.2016492,-10.37,43.4,1.53,1,1,30,Distribution
QRVO,QRVO,2026-02-09 05:00:00,44160578,5.32,3155814.698250926,136.54,55.7,1.12,0,1,75,Strong Accumulation
RCL,RCL,2026-02-09 05:00:00,259203627,2.49,172393074.3492989,3.18,80.1,0.74,0,1,55,Accumulation
REG,REG,2026-02-09 05:00:00,-1227963,76.27,46794280.12033516,12.44,76.2,1.18,0,0,85,Strong Accumulation
REGN,REGN,2026-02-09 05:00:00,37887761,-6.1,15589831.122915635,-3.49,64.2,0.88,0,0,40,Distribution
RF,RF,2026-02-09 05:00:00,167901366,81.73,305880668.9637603,33.08,70.6,0.9,0,1,85,Strong Accumulation
RJF,RJF,2026-02-09 05:00:00,95688063,-2.93,98129748.62024097,-1.12,44.2,0.98,0,0,50,Neutral
RL,RL,2026-02-09 05:00:00,24834847,-4.42,23189080.992431067,9.86,31.0,1.78,2,2,70,Strong Accumulation
RMD,RMD,2026-02-09 05:00:00,67717195,8.53,40831628.821487896,14.9,77.5,1.2,0,1,80,Strong Accumulation
ROK,ROK,2026-02-09 05:00:00,42032879,-1.61,50344085.53044738,6.13,62.4,1.84,3,3,70,Strong Accumulation
ROL,ROL,2026-02-09 05:00:00,147137945,20.01,137419007.65837073,12.48,63.7,1.03,0,0,80,Strong Accumulation
ROP,ROP,2026-02-09 05:00:00,43166153,-1.75,27186957.472716913,16.82,43.6,1.23,0,2,70,Strong Accumulation
ROST,ROST,2026-02-09 05:00:00,37445445,6.05,-6195662.631390188,12.8,56.7,1.03,0,0,75,Strong Accumulation
RSG,RSG,2026-02-09 05:00:00,139441506,7.7,82855778.28906809,11.78,63.1,0.97,0,0,75,Strong Accumulation
RTX,RTX,2026-02-09 05:00:00,218558368,10.1,193151466.76110995,-1.57,31.6,1.09,0,0,65,Accumulation
RVTY,RVTY,2026-02-09 05:00:00,16523159,-2.84,33748711.043148994,20.32,22.5,0.94,0,2,60,Accumulation
SBAC,SBAC,2026-02-09 05:00:00,18287076,-5.85,18628688.084982693,-3.55,25.9,1.11,0,0,35,Distribution
SBUX,SBUX,2026-02-09 05:00:00,-165185590,-29.52,367685330.910307,3.57,62.5,0.69,0,2,30,Distribution
SCHW,SCHW,2026-02-09 05:00:00,-189449955,25.21,399000266.50671697,0.62,66.0,1.02,0,1,65,Accumulation
SHW,SHW,2026-02-09 05:00:00,38631990,16.38,18457677.210132726,-4.48,67.3,1.1,0,0,65,Accumulation
SJM,SJM,2026-02-09 05:00:00,11682552,790.1,7776463.700346345,558.35,67.9,0.98,0,0,80,Strong Accumulation
SLB,SLB,2026-02-09 05:00:00,-151627697,3.78,47123703.37563593,101.45,57.4,0.93,0,1,65,Accumulation
SMCI,SMCI,2026-02-09 05:00:00,1652006183,3.67,297620737.531451,58.88,53.3,1.5,1,3,70,Strong Accumulation
SNA,SNA,2026-02-09 05:00:00,6747042,18.64,5646535.365254871,7.49,59.6,1.46,0,0,80,Strong Accumulation
SNPS,SNPS,2026-02-09 05:00:00,40914974,-30.44,57090866.48932482,-7.48,27.4,1.64,2,2,30,Distribution
SO,SO,2026-02-09 05:00:00,168082209,34.26,305436326.33512765,2.52,60.3,0.99,0,0,65,Accumulation
SOLV,SOLV,2026-02-09 05:00:00,-45082270,-4.95,-4371768.015299614,-1592.53,64.2,1.07,0,0,35,Distribution
SPG,SPG,2026-02-09 05:00:00,173892939,0.74,-8857616.822079256,24.88,73.8,1.06,0,1,70,Strong Accumulation
SPGI,SPGI,2026-02-09 05:00:00,50750074,-25.04,68395934.47398967,-6.58,13.2,2.15,3,4,30,Distribution
SRE,SRE,2026-02-09 05:00:00,36476520,2.46,48681383.533162475,-3.88,60.0,0.92,0,2,50,Neutral
STE,STE,2026-02-09 05:00:00,25072995,-3.65,42579536.44423802,8.34,50.3,2.02,2,3,70,Strong Accumulation
STLD,STLD,2026-02-09 05:00:00,107212646,7.83,42334643.95518099,15.05,73.6,1.08,0,0,80,Strong Accumulation
STT,STT,2026-02-09 05:00:00,161678841,4.04,46742350.4193172,-0.56,78.9,0.77,0,0,55,Accumulation
STX,STX,2026-02-09 05:00:00,284323955,11.39,167619966.83358967,6.67,71.8,0.94,0,2,80,Strong Accumulation
STZ,STZ,2026-02-09 05:00:00,-7415395,-35.96,2811182.478496585,124.35,46.7,0.91,0,0,50,Neutral
SWK,SWK,2026-02-09 05:00:00,-117503744,11.26,-19525341.52617865,28.92,68.5,1.59,1,1,90,Strong Accumulation
SWKS,SWKS,2026-02-09 05:00:00,-56478354,6.5,16189152.836308936,690.98,63.1,1.2,0,1,75,Strong Accumulation
SYF,SYF,2026-02-09 05:00:00,170882169,-8.69,236515483.366901,-6.9,36.8,0.86,0,4,30,Distribution
SYK,SYK,2026-02-09 05:00:00,38130888,-12.48,109300502.16065487,-2.32,38.7,1.24,0,0,40,Distribution
SYY,SYY,2026-02-09 05:00:00,19801129,19.15,-26952606.039139997,33.97,56.8,0.8,0,1,80,Strong Accumulation
T,T,2026-02-09 05:00:00,1213332259,37.25,-378496336.089762,22.66,76.8,0.89,0,0,85,Strong Accumulation
TAP,TAP,2026-02-09 05:00:00,57587540,3.3,-25835722.28695783,5.84,49.2,0.98,0,0,60,Accumulation
TDG,TDG,2026-02-09 05:00:00,22944826,-3.72,8205680.239881184,9.25,39.9,1.65,1,1,70,Strong Accumulation
TDY,TDY,2026-02-09 05:00:00,16182991,6.83,5349722.156585327,71.81,69.1,0.85,0,2,75,Strong Accumulation
TECH,TECH,2026-02-09 05:00:00,57827214,2.68,81284718.16958292,15.28,52.7,1.14,1,1,65,Accumulation
TEL,TEL,2026-02-09 05:00:00,90776544,-8.45,32672499.5701137,-23.65,34.7,1.27,0,2,30,Distribution
TER,TER,2026-02-09 05:00:00,83207394,76.94,148108349.66574043,13.36,85.5,1.7,1,2,95,Strong Accumulation
TFC,TFC,2026-02-09 05:00:00,67542696,662.72,343987784.53678054,7.86,75.1,0.92,0,2,80,Strong Accumulation
TFX,TFX,2026-02-09 05:00:00,-22241501,-5.73,-6532475.785977027,-96.85,63.7,0.94,0,0,25,Strong Distribution
TGT,TGT,2026-02-09 05:00:00,-260682618,15.98,-53488593.804478124,35.61,64.0,1.11,0,0,80,Strong Accumulation
TJX,TJX,2026-02-09 05:00:00,438635857,0.55,64398740.387228414,35.68,44.9,0.97,0,0,65,Accumulation
TMO,TMO,2026-02-09 05:00:00,22122808,-21.22,33476595.24320732,-3.29,26.7,0.98,0,0,30,Distribution
TMUS,TMUS,2026-02-09 05:00:00,281775921,4.7,259039319.8830438,0.84,74.3,0.91,0,0,55,Accumulation
TPR,TPR,2026-02-09 05:00:00,479446218,2.3,139210080.78806227,5.04,68.0,1.5,2,2,65,Accumulation
TRGP,TRGP,2026-02-09 05:00:00,300055917,6.3,212571095.5267429,3.47,80.6,0.99,0,0,65,Accumulation
TRMB,TRMB,2026-02-09 05:00:00,166747384,-3.57,131684190.91355874,-7.52,30.6,1.11,0,2,40,Distribution
TROW,TROW,2026-02-09 05:00:00,21493883,-25.14,6612000.252849275,1.93,32.0,1.69,2,2,45,Neutral
TRV,TRV,2026-02-09 05:00:00,146201683,11.37,50277137.11660052,1.74,74.2,0.98,0,0,70,Strong Accumulation
TSCO,TSCO,2026-02-09 05:00:00,455053845,2.13,354109445.9279164,0.25,52.2,0.76,0,2,50,Neutral
TSLA,TSLA,2026-02-09 05:00:00,17943494485,-1.46,10098576134.719257,-1.5,58.1,1.04,0,0,50,Neutral
TSN,TSN,2026-02-09 05:00:00,-12794896,69.57,9166587.807663096,221.61,53.3,0.91,0,0,80,Strong Accumulation
TT,TT,2026-02-09 05:00:00,165141212,7.31,91907079.40621571,4.09,71.2,0.86,0,1,65,Accumulation
TTWO,TTWO,2026-02-09 05:00:00,103368915,-16.92,58021312.12233026,-10.98,27.8,1.65,2,4,25,Strong Distribution
TXN,TXN,2026-02-09 05:00:00,164423334,44.97,303838249.28625,12.13,60.2,1.21,0,1,85,Strong Accumulation
TXT,TXT,2026-02-09 05:00:00,80425045,8.27,25764913.921625342,20.8,61.1,1.08,0,1,75,Strong Accumulation
TYL,TYL,2026-02-09 05:00:00,-355564,-112.53,6763930.128878123,-18.07,40.2,1.84,3,4,30,Distribution
UAL,UAL,2026-02-09 05:00:00,-67274375,-18.08,108684422.32109128,-11.72,52.7,1.12,0,2,20,Strong Distribution
UBER,UBER,2026-02-09 05:00:00,370160598,-31.22,559932038.0679464,-5.02,29.0,1.49,1,1,25,Strong Distribution
UDR,UDR,2026-02-09 05:00:00,-14713383,53.09,59309075.228473775,35.59,53.4,0.89,0,2,80,Strong Accumulation
UHS,UHS,2026-02-09 05:00:00,27899372,4.43,32364406.613364566,3.36,68.3,0.98,0,0,50,Neutral
ULTA,ULTA,2026-02-09 05:00:00,19091377,8.39,-24784663.622436833,-1.02,64.2,0.93,0,0,60,Accumulation
UNH,UNH,2026-02-09 05:00:00,-7318592,-108.91,95796445.25509042,-23.51,38.6,0.85,0,2,20,Strong Distribution
UNP,UNP,2026-02-09 05:00:00,98359564,46.16,-11549980.702122591,59.54,80.8,1.09,0,1,85,Strong Accumulation
UPS,UPS,2026-02-09 05:00:00,-81082204,34.92,-46063616.395747095,8.12,80.5,1.09,0,1,80,Strong Accumulation
URI,URI,2026-02-09 05:00:00,32504221,-15.06,31817574.78434788,-2.8,43.2,1.23,0,1,40,Distribution
USB,USB,2026-02-09 05:00:00,-5606578,90.89,418172169.1675016,3.64,74.9,1.01,0,1,70,Strong Accumulation
V,V,2026-02-09 05:00:00,327102927,-5.78,109533274.16128187,-12.88,58.6,0.92,0,2,25,Strong Distribution
VICI,VICI,2026-02-09 05:00:00,-129676420,-15.59,60652158.95218527,135.13,63.3,0.91,0,0,50,Neutral
VLO,VLO,2026-02-09 05:00:00,-40323246,3.79,-30765550.24659656,-13.77,64.2,1.04,0,0,35,Distribution
VLTO,VLTO,2026-02-09 05:00:00,7871858,-65.85,23863600.627888788,12.09,44.0,1.86,2,2,60,Accumulation
VMC,VMC,2026-02-09 05:00:00,72381522,10.18,38060412.080975235,4.99,56.3,1.3,0,0,70,Strong Accumulation
VRSK,VRSK,2026-02-09 05:00:00,36863963,-38.16,63737862.51159794,-10.64,17.7,1.95,4,4,25,Strong Distribution
VRSN,VRSN,2026-02-09 05:00:00,33433229,-12.37,32804026.234812897,-10.29,36.3,1.68,1,1,30,Distribution
VRTX,VRTX,2026-02-09 05:00:00,120013143,2.41,48096904.273040324,0.61,71.9,1.01,0,0,55,Accumulation
VST,VST,2026-02-09 05:00:00,226091479,-9.98,57322324.643105984,-19.58,37.0,1.21,0,1,30,Distribution
VTR,VTR,2026-02-09 05:00:00,171633134,3.55,107909477.57205224,6.45,52.9,1.16,0,0,60,Accumulation
VTRS,VTRS,2026-02-09 05:00:00,110708629,73.36,79113134.3562248,138.98,79.0,1.3,1,1,90,Strong Accumulation
VZ,VZ,2026-02-09 05:00:00,-197737657,67.07,-278984217.84755945,25.71,85.7,1.09,0,1,85,Strong Accumulation
WAB,WAB,2026-02-09 05:00:00,72394474,7.69,92295370.76134634,2.4,69.3,1.19,1,1,60,Accumulation
WAT,WAT,2026-02-09 05:00:00,-11484389,-66.62,11233907.057974916,-12.79,31.8,1.69,1,1,30,Distribution
WBD,WBD,2026-02-09 05:00:00,1896034084,-8.78,469404324.35007507,-24.68,31.4,1.04,0,0,25,Strong Distribution
WDC,WDC,2026-02-09 05:00:00,653617802,7.77,90448665.11741787,42.39,68.7,1.12,0,1,75,Strong Accumulation
WEC,WEC,2026-02-09 05:00:00,49370010,22.86,79802343.40287465,10.96,58.8,1.22,0,0,85,Strong Accumulation
WELL,WELL,2026-02-09 05:00:00,183300523,2.59,50868424.352956854,2.63,64.3,0.85,0,0,50,Neutral
WFC,WFC,2026-02-09 05:00:00,771458628,-6.84,217785000.21387103,-1.94,64.1,0.84,0,1,40,Distribution
WM,WM,2026-02-09 05:00:00,148987278,22.61,112815962.83718155,18.49,80.8,0.94,0,1,85,Strong Accumulation
WMB,WMB,2026-02-09 05:00:00,596375197,9.25,528815125.8433762,5.03,63.4,1.35,0,0,75,Strong Accumulation
WMT,WMT,2026-02-09 05:00:00,1315603120,38.05,646655928.1853412,58.41,50.2,0.6,0,2,75,Strong Accumulation
WRB,WRB,2026-02-09 05:00:00,191685155,-5.31,41997674.536818966,-4.33,45.4,0.71,0,0,40,Distribution
WST,WST,2026-02-09 05:00:00,25452775,-16.56,27480671.58069751,9.14,52.7,1.04,0,4,45,Neutral
WTW,WTW,2026-02-09 05:00:00,18201296,7.93,-1437025.067736128,-328.93,47.7,1.85,3,3,55,Accumulation
WY,WY,2026-02-09 05:00:00,150976293,-1.05,17709222.822069157,-1.56,38.9,0.85,0,0,50,Neutral
WYNN,WYNN,2026-02-09 05:00:00,-112014614,-0.37,-32894617.51690957,0.55,68.5,1.31,0,0,55,Accumulation
XEL,XEL,2026-02-09 05:00:00,229336883,10.98,190176818.11197305,7.47,53.0,1.09,0,1,75,Strong Accumulation
XOM,XOM,2026-02-09 05:00:00,634428376,65.64,17378945.29953229,116.04,75.5,1.11,0,0,85,Strong Accumulation
XYL,XYL,2026-02-09 05:00:00,7664930,1.9,52142662.712951794,7.57,52.7,1.12,0,2,60,Accumulation
YUM,YUM,2026-02-09 05:00:00,107000424,11.79,45582009.394546114,10.85,62.0,1.15,0,0,80,Strong Accumulation
ZBH,ZBH,2026-02-09 05:00:00,-63438700,-14.48,-14385556.838008363,-5.44,57.8,1.04,0,1,25,Strong Distribution
ZBRA,ZBRA,2026-02-09 05:00:00,-9127678,-3.58,8772549.048253464,-15.42,60.7,1.28,0,0,40,Distribution
ZTS,ZTS,2026-02-09 05:00:00,-25214595,-162.8,-58760902.31069351,-9.14,51.8,0.9,0,0,25,Strong Distribution
